{
"bye":"https://github.com/SILENTLOVER40/SOBX-MD_DATABASE/raw/refs/heads/main/autosticker/STK-20241108-WA0028.webp",
"love":"https://github.com/SILENTLOVER40/SOBX-MD_DATABASE/raw/refs/heads/main/autosticker/STK-20241110-WA0007.webp",
"mudassar":"https://github.com/SILENTLOVER40/SOBX-MD_DATABASE/raw/refs/heads/main/autosticker/STK-20241110-WA0008.webp", 
"awan":"https://github.com/SILENTLOVER40/SOBX-MD_DATABASE/raw/refs/heads/main/autosticker/STK-20241110-WA0004.webp",
"hi":"https://github.com/SILENTLOVER40/SOBX-MD_DATABASE/raw/refs/heads/main/autosticker/STK-20241110-WA0002.webp"
}
